Name,SKU,QTY
"60ML Blueberry Cotton Candy-0mg","60ML Blueberry Cotton Candy-0mg",4.0000
"60ML Blueberry Cotton Candy-3mg","60ML Blueberry Cotton Candy-3mg",10.0000
"60ML Blueberry Cotton Candy-6mg","60ML Blueberry Cotton Candy-6mg",10.0000
"60ML Alpha 2.0-0mg","60ML Alpha 2.0-0mg",10.0000
"60ML Alpha 2.0-12mg","60ML Alpha 2.0-12mg",4.0000
"60ML Alpha 2.0-3mg","60ML Alpha 2.0-3mg",20.0000
"60ML Alpha 2.0-6mg","60ML Alpha 2.0-6mg",20.0000
"60ML Alpha-0mg","60ML Alpha-0mg",5.0000
"60ML Alpha-12mg","60ML Alpha-12mg",6.0000
"60ML Anchorage Fog-0mg","60ML Anchorage Fog-0mg",5.0000
"60ML Anchorage Fog-12mg","60ML Anchorage Fog-12mg",2.0000
"60ML Anchorage Fog-3mg","60ML Anchorage Fog-3mg",10.0000
"60ML Anchorage Fog-6mg","60ML Anchorage Fog-6mg",10.0000
"60ML Apple Sour-0mg","60ML Apple Sour-0mg",15.0000
"60ML Apple Sour-12mg","60ML Apple Sour-12mg",15.0000
"60ML Apple Sour-3mg","60ML Apple Sour-3mg",40.0000
"60ML Apple Sour-6mg","60ML Apple Sour-6mg",35.0000
"60ML Area 51-0mg","60ML Area 51-0mg",10.0000
"60ML Area 51-12mg","60ML Area 51-12mg",10.0000
"60ML Area 51-6mg","60ML Area 51-6mg",35.0000
"60ml Atlantis-0mg","60ml Atlantis-0mg",20.0000
"60ml Atlantis-12mg","60ml Atlantis-12mg",10.0000
"60ml Atlantis-6mg","60ml Atlantis-6mg",55.0000
"60ML Banana Milk-0mg","60ML Banana Milk-0mg",5.0000
"60ML Banana Milk-3mg","60ML Banana Milk-3mg",30.0000
"60ML Banana Milk-6mg","60ML Banana Milk-6mg",20.0000
"60ML Bass-0mg","60ML Bass-0mg",5.0000
"60ML Bass-12mg","60ML Bass-12mg",2.0000
"60ML Bass-3mg","60ML Bass-3mg",10.0000
"60ML Bass-6mg","60ML Bass-6mg",8.0000
"60ML BC Fog-0mg","60ML BC Fog-0mg",20.0000
"60ML BC Fog-12mg","60ML BC Fog-12mg",25.0000
"60ML BC Fog-3mg","60ML BC Fog-3mg",60.0000
"60ML BC Fog-6mg","60ML BC Fog-6mg",50.0000
"60ML Beat-0mg","60ML Beat-0mg",5.0000
"60ML Beat-12mg","60ML Beat-12mg",2.0000
"60ML Beat-3mg","60ML Beat-3mg",10.0000
"60ML Beat-6mg","60ML Beat-6mg",8.0000
"60ML Belmond-0mg","60ML Belmond-0mg",10.0000
"60ML Belmond-12mg","60ML Belmond-12mg",35.0000
"60ML Belmond-18mg","60ML Belmond-18mg",10.0000
"60ML Belmond-3mg","60ML Belmond-3mg",25.0000
"60ML Belmond-6mg","60ML Belmond-6mg",45.0000
"60ML Bermuda Triangle-0mg","60ML Bermuda Triangle-0mg",10.0000
"60ML Bermuda Triangle-12mg","60ML Bermuda Triangle-12mg",5.0000
"60ML Bermuda Triangle-3mg","60ML Bermuda Triangle-3mg",15.0000
"60ML Bermuda Triangle-6mg","60ML Bermuda Triangle-6mg",15.0000
"60ml Big Foot-0mg","60ml Big Foot-0mg",60.0000
"60ML Bloop-0mg","60ML Bloop-0mg",10.0000
"60ML Bloop-12mg","60ML Bloop-12mg",10.0000
"60ML Bloop-3mg","60ML Bloop-3mg",30.0000
"60ML Bloop-6mg","60ML Bloop-6mg",25.0000
"60ML Blue Banana Haze-0mg","60ML Blue Banana Haze-0mg",10.0000
"60ML Blue Banana Haze-12mg","60ML Blue Banana Haze-12mg",6.0000
"60ML Blue Banana Haze-3mg","60ML Blue Banana Haze-3mg",25.0000
"60ML Blue Banana Haze-6mg","60ML Blue Banana Haze-6mg",25.0000
"60ML Blue Haze-0mg","60ML Blue Haze-0mg",4.0000
"60ML Blue Haze-12mg","60ML Blue Haze-12mg",4.0000
"60ML Blue Haze-3mg","60ML Blue Haze-3mg",15.0000
"60ML Blue Haze-6mg","60ML Blue Haze-6mg",15.0000
"60ML Blue Steel-12mg","60ML Blue Steel-12mg",5.0000
"60ML Blueberry Mint-0mg","60ML Blueberry Mint-0mg",4.0000
"60ML Blueberry Mint-12mg","60ML Blueberry Mint-12mg",4.0000
"60ML Blueberry Mint-3mg","60ML Blueberry Mint-3mg",10.0000
"60ML Blueberry Mint-6mg","60ML Blueberry Mint-6mg",8.0000
"60ML Blueberry Sour-0mg","60ML Blueberry Sour-0mg",15.0000
"60ML Blueberry Sour-12mg","60ML Blueberry Sour-12mg",15.0000
"60ML Blueberry Sour-3mg","60ML Blueberry Sour-3mg",40.0000
"60ML Blueberry Sour-6mg","60ML Blueberry Sour-6mg",35.0000
"60ML Bravo-0mg","60ML Bravo-0mg",4.0000
"60ML Bravo-12mg","60ML Bravo-12mg",4.0000
"60ML Bravo-3mg","60ML Bravo-3mg",15.0000
"60ML Bravo-6mg","60ML Bravo-6mg",15.0000
"60ML Cairo Fog-3mg","60ML Cairo Fog-3mg",5.0000
"60ML Cairo Fog-6mg","60ML Cairo Fog-6mg",5.0000
"60ML Canadian Tobacco-0mg","60ML Canadian Tobacco-0mg",25.0000
"60ML Canadian Tobacco-12mg","60ML Canadian Tobacco-12mg",65.0000
"60ML Canadian Tobacco-18mg","60ML Canadian Tobacco-18mg",15.0000
"60ML Canadian Tobacco-3mg","60ML Canadian Tobacco-3mg",35.0000
"60ML Canadian Tobacco-6mg","60ML Canadian Tobacco-6mg",65.0000
"60ML Capone-0mg","60ML Capone-0mg",10.0000
"60ML Capone-12mg","60ML Capone-12mg",15.0000
"60ML Capone-3mg","60ML Capone-3mg",15.0000
"60ML Capone-6mg","60ML Capone-6mg",15.0000
"60ML Chai Latte-0mg","60ML Chai Latte-0mg",2.0000
"60ML Chai Latte-12mg","60ML Chai Latte-12mg",2.0000
"60ML Chai Latte-3mg","60ML Chai Latte-3mg",15.0000
"60ML Chai Latte-6mg","60ML Chai Latte-6mg",12.0000
"60ML Charlie-0mg","60ML Charlie-0mg",4.0000
"60ML Charlie-12mg","60ML Charlie-12mg",4.0000
"60ML Charlie-3mg","60ML Charlie-3mg",10.0000
"60ML Charlie-6mg","60ML Charlie-6mg",10.0000
"60ML Cinnamon Custard Tobacco-12mg","60ML Cinnamon Custard Tobacco-12mg",5.0000
"60ML Cinnamon Custard Tobacco-3mg","60ML Cinnamon Custard Tobacco-3mg",5.0000
"60ML Cinnamon Custard Tobacco-6mg","60ML Cinnamon Custard Tobacco-6mg",5.0000
"60ML Coconut Lime Cream-0mg","60ML Coconut Lime Cream-0mg",2.0000
"60ML Coconut Lime Cream-12mg","60ML Coconut Lime Cream-12mg",2.0000
"60ML Coconut Lime Cream-3mg","60ML Coconut Lime Cream-3mg",10.0000
"60ML Coconut Lime Cream-6mg","60ML Coconut Lime Cream-6mg",8.0000
"60ML Cola Gummies-0mg","60ML Cola Gummies-0mg",2.0000
"60ML Cola Gummies-3mg","60ML Cola Gummies-3mg",15.0000
"60ML Cola Gummies-6mg","60ML Cola Gummies-6mg",10.0000
"60ML Cookie Dough-0mg","60ML Cookie Dough-0mg",12.0000
"60ML Cookie Dough-12mg","60ML Cookie Dough-12mg",10.0000
"60ML Cookie Dough-3mg","60ML Cookie Dough-3mg",35.0000
"60ML Cookie Dough-6mg","60ML Cookie Dough-6mg",25.0000
"60ML Cool Grape-0mg","60ML Cool Grape-0mg",10.0000
"60ML Cool Grape-12mg","60ML Cool Grape-12mg",4.0000
"60ML Cool Grape-3mg","60ML Cool Grape-3mg",20.0000
"60ML Cool Grape-6mg","60ML Cool Grape-6mg",20.0000
"60ML Cosmo-0mg","60ML Cosmo-0mg",2.0000
"60ML Cosmo-12mg","60ML Cosmo-12mg",2.0000
"60ML Cosmo-3mg","60ML Cosmo-3mg",15.0000
"60ML Cosmo-6mg","60ML Cosmo-6mg",10.0000
"60ML Creme Brulee Tobacco-12mg","60ML Creme Brulee Tobacco-12mg",5.0000
"60ML Creme Brulee Tobacco-3mg","60ML Creme Brulee Tobacco-3mg",5.0000
"60ML Creme Brulee Tobacco-6mg","60ML Creme Brulee Tobacco-6mg",5.0000
"60ML Creme Brulee-0mg","60ML Creme Brulee-0mg",14.0000
"60ML Creme Brulee-12mg","60ML Creme Brulee-12mg",6.0000
"60ML Creme Brulee-3mg","60ML Creme Brulee-3mg",35.0000
"60ML Creme Brulee-6mg","60ML Creme Brulee-6mg",25.0000
"60ML Cuban Cigar-0mg","60ML Cuban Cigar-0mg",4.0000
"60ML Cuban Cigar-12mg","60ML Cuban Cigar-12mg",12.0000
"60ML Cuban Cigar-3mg","60ML Cuban Cigar-3mg",12.0000
"60ML Cuban Cigar-6mg","60ML Cuban Cigar-6mg",12.0000
"60ML Davinci Code-0mg","60ML Davinci Code-0mg",50.0000
"60ML Davinci Code-12mg","60ML Davinci Code-12mg",25.0000
"60ML Davinci Code-6mg","60ML Davinci Code-6mg",70.0000
"60ML Deep Fried Ice Cream-0mg","60ML Deep Fried Ice Cream-0mg",20.0000
"60ML Deep Fried Ice Cream-12mg","60ML Deep Fried Ice Cream-12mg",10.0000
"60ML Deep Fried Ice Cream-3mg","60ML Deep Fried Ice Cream-3mg",25.0000
"60ML Deep Fried Ice Cream-6mg","60ML Deep Fried Ice Cream-6mg",25.0000
"60ML Delta-0mg","60ML Delta-0mg",10.0000
"60ML Delta-12mg","60ML Delta-12mg",10.0000
"60ML Delta-3mg","60ML Delta-3mg",20.0000
"60ML Delta-6mg","60ML Delta-6mg",20.0000
"60ML Dohz Nutz-12mg","60ML Dohz Nutz-12mg",5.0000
"60ML Dohz Nutz-6mg","60ML Dohz Nutz-6mg",10.0000
"60ML Dollar-0mg","60ML Dollar-0mg",15.0000
"60ML Dollar-12mg","60ML Dollar-12mg",6.0000
"60ML Dollar-3mg","60ML Dollar-3mg",15.0000
"60ML Dollar-6mg","60ML Dollar-6mg",15.0000
"60ML Double Apple-0mg","60ML Double Apple-0mg",10.0000
"60ML Double Apple-12mg","60ML Double Apple-12mg",10.0000
"60ML Double Apple-3mg","60ML Double Apple-3mg",25.0000
"60ML Double Apple-6mg","60ML Double Apple-6mg",20.0000
"60ML Dr. Fog's Custard-0mg","60ML Dr. Fog's Custard-0mg",10.0000
"60ML Dr. Fog's Custard-12mg","60ML Dr. Fog's Custard-12mg",5.0000
"60ML Dr. Fog's Custard-3mg","60ML Dr. Fog's Custard-3mg",40.0000
"60ML Dr. Fog's Custard-6mg","60ML Dr. Fog's Custard-6mg",35.0000
"60ML Dragon Fruit Strawberry-3mg","60ML Dragon Fruit Strawberry-3mg",10.0000
"60ML Dragon Fruit Strawberry-6mg","60ML Dragon Fruit Strawberry-6mg",10.0000
"60ML Dragon Tang-0mg","60ML Dragon Tang-0mg",10.0000
"60ML Dragon Tang-12mg","60ML Dragon Tang-12mg",6.0000
"60ML Dragon Tang-3mg","60ML Dragon Tang-3mg",20.0000
"60ML Dragon Tang-6mg","60ML Dragon Tang-6mg",15.0000
"60ML Drive-12mg","60ML Drive-12mg",10.0000
"60ML Dumore-0mg","60ML Dumore-0mg",30.0000
"60ML Dumore-12mg","60ML Dumore-12mg",45.0000
"60ML Dumore-18mg","60ML Dumore-18mg",5.0000
"60ML Dumore-3mg","60ML Dumore-3mg",35.0000
"60ML Dumore-6mg","60ML Dumore-6mg",55.0000
"60ML Echo-0mg","60ML Echo-0mg",4.0000
"60ML Echo-12mg","60ML Echo-12mg",4.0000
"60ML Echo-3mg","60ML Echo-3mg",10.0000
"60ML Echo-6mg","60ML Echo-6mg",6.0000
"60ML Energy Drink-0mg","60ML Energy Drink-0mg",10.0000
"60ML Energy Drink-12mg","60ML Energy Drink-12mg",10.0000
"60ML Energy Drink-3mg","60ML Energy Drink-3mg",25.0000
"60ML Energy Drink-6mg","60ML Energy Drink-6mg",20.0000
"60ML Euro-0mg","60ML Euro-0mg",4.0000
"60ML Euro-12mg","60ML Euro-12mg",6.0000
"60ML Euro-3mg","60ML Euro-3mg",10.0000
"60ML Euro-6mg","60ML Euro-6mg",10.0000
"60ML Fresno Fog-0mg","60ML Fresno Fog-0mg",5.0000
"60ML Fresno Fog-12mg","60ML Fresno Fog-12mg",2.0000
"60ML Fresno Fog-3mg","60ML Fresno Fog-3mg",10.0000
"60ML Fresno Fog-6mg","60ML Fresno Fog-6mg",8.0000
"60ML Galaxy-0mg","60ML Galaxy-0mg",5.0000
"60ML Galaxy-12mg","60ML Galaxy-12mg",2.0000
"60ML Galaxy-3mg","60ML Galaxy-3mg",15.0000
"60ML Galaxy-6mg","60ML Galaxy-6mg",15.0000
"60ML Golden Butterscotch Candy-0mg","60ML Golden Butterscotch Candy-0mg",4.0000
"60ML Golden Butterscotch Candy-12mg","60ML Golden Butterscotch Candy-12mg",2.0000
"60ML Golden Butterscotch Candy-3mg","60ML Golden Butterscotch Candy-3mg",20.0000
"60ML Golden Butterscotch Candy-6mg","60ML Golden Butterscotch Candy-6mg",15.0000
"60ML Grape Grapefruit-0mg","60ML Grape Grapefruit-0mg",6.0000
"60ML Grape Grapefruit-12mg","60ML Grape Grapefruit-12mg",4.0000
"60ML Grape Grapefruit-3mg","60ML Grape Grapefruit-3mg",10.0000
"60ML Grape Grapefruit-6mg","60ML Grape Grapefruit-6mg",10.0000
"60ML Grape Jelly Beans-0mg","60ML Grape Jelly Beans-0mg",5.0000
"60ML Grape Jelly Beans-12mg","60ML Grape Jelly Beans-12mg",5.0000
"60ML Grape Jelly Beans-3mg","60ML Grape Jelly Beans-3mg",5.0000
"60ML Grape Jelly Beans-6mg","60ML Grape Jelly Beans-6mg",5.0000
"60ML Grape Soda-0mg","60ML Grape Soda-0mg",2.0000
"60ML Grape Soda-12mg","60ML Grape Soda-12mg",2.0000
"60ML Grape Soda-3mg","60ML Grape Soda-3mg",20.0000
"60ML Grape Soda-6mg","60ML Grape Soda-6mg",15.0000
"60ML Heavy Metal Ice-0mg","60ML Heavy Metal Ice-0mg",4.0000
"60ML Heavy Metal Ice-12mg","60ML Heavy Metal Ice-12mg",4.0000
"60ML Heavy Metal Ice-3mg","60ML Heavy Metal Ice-3mg",10.0000
"60ML Heavy Metal Ice-6mg","60ML Heavy Metal Ice-6mg",10.0000
"60ML Heavy Metal-0mg","60ML Heavy Metal-0mg",4.0000
"60ML Heavy Metal-12mg","60ML Heavy Metal-12mg",2.0000
"60ML Heavy Metal-3mg","60ML Heavy Metal-3mg",10.0000
"60ML Heavy Metal-6mg","60ML Heavy Metal-6mg",10.0000
"60ML Honey Graham Tobacco-0mg","60ML Honey Graham Tobacco-0mg",10.0000
"60ML Honey Graham Tobacco-12mg","60ML Honey Graham Tobacco-12mg",6.0000
"60ML Honey Graham Tobacco-3mg","60ML Honey Graham Tobacco-3mg",10.0000
"60ML Honey Graham Tobacco-6mg","60ML Honey Graham Tobacco-6mg",10.0000
"60ML Honey Tobacco-0mg","60ML Honey Tobacco-0mg",5.0000
"60ML Honey Tobacco-12mg","60ML Honey Tobacco-12mg",5.0000
"60ML Honey Tobacco-3mg","60ML Honey Tobacco-3mg",5.0000
"60ML Honey Tobacco-6mg","60ML Honey Tobacco-6mg",5.0000
"60ML Honeydew Cream-0mg","60ML Honeydew Cream-0mg",5.0000
"60ML Honeydew Cream-12mg","60ML Honeydew Cream-12mg",4.0000
"60ML Honeydew Cream-3mg","60ML Honeydew Cream-3mg",15.0000
"60ML Honeydew Cream-6mg","60ML Honeydew Cream-6mg",10.0000
"60ML Hooch-0mg","60ML Hooch-0mg",2.0000
"60ML Hooch-12mg","60ML Hooch-12mg",2.0000
"60ML Hooch-3mg","60ML Hooch-3mg",20.0000
"60ML Hooch-6mg","60ML Hooch-6mg",10.0000
"60ML Hustle-12mg","60ML Hustle-12mg",15.0000
"60ML King of the East-0mg","60ML King of the East-0mg",4.0000
"60ML King of the East-12mg","60ML King of the East-12mg",4.0000
"60ML King of the East-3mg","60ML King of the East-3mg",6.0000
"60ML King of the East-6mg","60ML King of the East-6mg",6.0000
"60ML King of the North-0mg","60ML King of the North-0mg",6.0000
"60ML King of the North-12mg","60ML King of the North-12mg",2.0000
"60ML King of the North-3mg","60ML King of the North-3mg",10.0000
"60ML King of the North-6mg","60ML King of the North-6mg",10.0000
"60ML King of the South-0mg","60ML King of the South-0mg",6.0000
"60ML King of the South-12mg","60ML King of the South-12mg",2.0000
"60ML King of the South-3mg","60ML King of the South-3mg",10.0000
"60ML King of the South-6mg","60ML King of the South-6mg",10.0000
"60ML King of the West-0mg","60ML King of the West-0mg",6.0000
"60ML King of the West-12mg","60ML King of the West-12mg",2.0000
"60ML King of the West-3mg","60ML King of the West-3mg",10.0000
"60ML King of the West-6mg","60ML King of the West-6mg",10.0000
"60ML Kiwi Mango-0mg","60ML Kiwi Mango-0mg",6.0000
"60ML Kiwi Mango-12mg","60ML Kiwi Mango-12mg",2.0000
"60ML Kiwi Mango-3mg","60ML Kiwi Mango-3mg",20.0000
"60ML Kiwi Mango-6mg","60ML Kiwi Mango-6mg",20.0000
"60ML Lime Sour-0mg","60ML Lime Sour-0mg",15.0000
"60ML Lime Sour-12mg","60ML Lime Sour-12mg",15.0000
"60ML Lime Sour-3mg","60ML Lime Sour-3mg",35.0000
"60ML Lime Sour-6mg","60ML Lime Sour-6mg",30.0000
"60ML Loch Ness-0mg","60ML Loch Ness-0mg",10.0000
"60ML Loch Ness-12mg","60ML Loch Ness-12mg",10.0000
"60ML London Fog-0mg","60ML London Fog-0mg",10.0000
"60ML London Fog-12mg","60ML London Fog-12mg",6.0000
"60ML London Fog-3mg","60ML London Fog-3mg",30.0000
"60ML London Fog-6mg","60ML London Fog-6mg",30.0000
"60ML Luciano-0mg","60ML Luciano-0mg",5.0000
"60ML Luciano-3mg","60ML Luciano-3mg",10.0000
"60ML Luciano-6mg","60ML Luciano-6mg",10.0000
"60ML Mango Madness-0mg","60ML Mango Madness-0mg",5.0000
"60ML Mango Madness-12mg","60ML Mango Madness-12mg",2.0000
"60ML Mango Madness-3mg","60ML Mango Madness-3mg",20.0000
"60ML Mango Madness-6mg","60ML Mango Madness-6mg",20.0000
"60ML Menthol Lights-0mg","60ML Menthol Lights-0mg",5.0000
"60ML Menthol Lights-12mg","60ML Menthol Lights-12mg",5.0000
"60ML Menthol Lights-18mg","60ML Menthol Lights-18mg",5.0000
"60ML Menthol Lights-3mg","60ML Menthol Lights-3mg",5.0000
"60ML Menthol Lights-6mg","60ML Menthol Lights-6mg",5.0000
"60ML Menthol Regular-0mg","60ML Menthol Regular-0mg",5.0000
"60ML Menthol Regular-12mg","60ML Menthol Regular-12mg",5.0000
"60ML Menthol Regular-18mg","60ML Menthol Regular-18mg",5.0000
"60ML Menthol Regular-3mg","60ML Menthol Regular-3mg",5.0000
"60ML Menthol Regular-6mg","60ML Menthol Regular-6mg",5.0000
"60ML Meteor-0mg","60ML Meteor-0mg",5.0000
"60ML Meteor-3mg","60ML Meteor-3mg",15.0000
"60ML Meteor-6mg","60ML Meteor-6mg",10.0000
"60ML Milk & Honey-0mg","60ML Milk & Honey-0mg",15.0000
"60ML Milk & Honey-12mg","60ML Milk & Honey-12mg",6.0000
"60ML Milk & Honey-3mg","60ML Milk & Honey-3mg",50.0000
"60ML Milk & Honey-6mg","60ML Milk & Honey-6mg",40.0000
"60ML Mocha Tobacco-0mg","60ML Mocha Tobacco-0mg",10.0000
"60ML Mocha Tobacco-12mg","60ML Mocha Tobacco-12mg",10.0000
"60ML Mocha Tobacco-3mg","60ML Mocha Tobacco-3mg",10.0000
"60ML Mocha Tobacco-6mg","60ML Mocha Tobacco-6mg",10.0000
"60ML Monkey Business-0mg","60ML Monkey Business-0mg",10.0000
"60ML Monkey Business-12mg","60ML Monkey Business-12mg",10.0000
"60ML Monkey Business-3mg","60ML Monkey Business-3mg",15.0000
"60ML Monkey Business-6mg","60ML Monkey Business-6mg",15.0000
"60ML Nectarine Tangerine Cream-3mg","60ML Nectarine Tangerine Cream-3mg",10.0000
"60ML Nectarine Tangerine Cream-6mg","60ML Nectarine Tangerine Cream-6mg",5.0000
"60ML NYC Fog-0mg","60ML NYC Fog-0mg",5.0000
"60ML NYC Fog-12mg","60ML NYC Fog-12mg",2.0000
"60ML NYC Fog-3mg","60ML NYC Fog-3mg",10.0000
"60ML NYC Fog-6mg","60ML NYC Fog-6mg",10.0000
"60ML O'Brien-0mg","60ML O'Brien-0mg",15.0000
"60ML O'Brien-12mg","60ML O'Brien-12mg",15.0000
"60ML O'Brien-3mg","60ML O'Brien-3mg",25.0000
"60ML O'Brien-6mg","60ML O'Brien-6mg",25.0000
"60ml Omega-3mg","60ml Omega-3mg",5.0000
"60ml Omega-6mg","60ml Omega-6mg",3.0000
"60ML Orange  Jelly Beans-0mg","60ML Orange  Jelly Beans-0mg",5.0000
"60ML Orange  Jelly Beans-12mg","60ML Orange  Jelly Beans-12mg",5.0000
"60ML Orange  Jelly Beans-3mg","60ML Orange  Jelly Beans-3mg",5.0000
"60ML Orange  Jelly Beans-6mg","60ML Orange  Jelly Beans-6mg",5.0000
"60ML Oxnard Fog-0mg","60ML Oxnard Fog-0mg",5.0000
"60ML Oxnard Fog-12mg","60ML Oxnard Fog-12mg",2.0000
"60ML Oxnard Fog-3mg","60ML Oxnard Fog-3mg",15.0000
"60ML Oxnard Fog-6mg","60ML Oxnard Fog-6mg",15.0000
"60ML Paris Fog-0mg","60ML Paris Fog-0mg",5.0000
"60ML Paris Fog-12mg","60ML Paris Fog-12mg",2.0000
"60ML Paris Fog-3mg","60ML Paris Fog-3mg",15.0000
"60ML Paris Fog-6mg","60ML Paris Fog-6mg",15.0000
"60ML Peach Jelly Beans-0mg","60ML Peach Jelly Beans-0mg",5.0000
"60ML Peach Jelly Beans-12mg","60ML Peach Jelly Beans-12mg",5.0000
"60ML Peach Jelly Beans-3mg","60ML Peach Jelly Beans-3mg",5.0000
"60ML Peach Jelly Beans-6mg","60ML Peach Jelly Beans-6mg",5.0000
"60ML Peppermint-0mg","60ML Peppermint-0mg",4.0000
"60ML Peppermint-12mg","60ML Peppermint-12mg",4.0000
"60ML Peppermint-3mg","60ML Peppermint-3mg",10.0000
"60ML Peppermint-6mg","60ML Peppermint-6mg",10.0000
"60ML Pi Blue-0mg","60ML Pi Blue-0mg",5.0000
"60ML Pi Blue-12mg","60ML Pi Blue-12mg",2.0000
"60ML Pi Blue-3mg","60ML Pi Blue-3mg",5.0000
"60ML Pi Blue-6mg","60ML Pi Blue-6mg",5.0000
"60ML Pi Citron-0mg","60ML Pi Citron-0mg",5.0000
"60ML Pi Citron-12mg","60ML Pi Citron-12mg",2.0000
"60ML Pi Citron-3mg","60ML Pi Citron-3mg",5.0000
"60ML Pi Citron-6mg","60ML Pi Citron-6mg",5.0000
"60ML Pi Gold-0mg","60ML Pi Gold-0mg",10.0000
"60ML Pi Gold-12mg","60ML Pi Gold-12mg",2.0000
"60ML Pi Gold-3mg","60ML Pi Gold-3mg",20.0000
"60ML Pi Gold-6mg","60ML Pi Gold-6mg",20.0000
"60ML Pi Red-0mg","60ML Pi Red-0mg",5.0000
"60ML Pi Red-12mg","60ML Pi Red-12mg",2.0000
"60ML Pi Red-3mg","60ML Pi Red-3mg",5.0000
"60ML Pi Red-6mg","60ML Pi Red-6mg",5.0000
"60ML Pi Reserve-0mg","60ML Pi Reserve-0mg",5.0000
"60ML Pi Reserve-12mg","60ML Pi Reserve-12mg",2.0000
"60ML Pi Reserve-3mg","60ML Pi Reserve-3mg",5.0000
"60ML Pi Reserve-6mg","60ML Pi Reserve-6mg",5.0000
"60ML Pineapple Crantini-3mg","60ML Pineapple Crantini-3mg",10.0000
"60ML Pineapple Crantini-6mg","60ML Pineapple Crantini-6mg",5.0000
"60ML Pineapple express-0mg","60ML Pineapple express-0mg",10.0000
"60ML Pineapple express-12mg","60ML Pineapple express-12mg",6.0000
"60ML Pineapple express-3mg","60ML Pineapple express-3mg",35.0000
"60ML Pineapple express-6mg","60ML Pineapple express-6mg",20.0000
"60ML Pineapple Jelly Beans-0mg","60ML Pineapple Jelly Beans-0mg",5.0000
"60ML Pineapple Jelly Beans-12mg","60ML Pineapple Jelly Beans-12mg",5.0000
"60ML Pineapple Jelly Beans-3mg","60ML Pineapple Jelly Beans-3mg",5.0000
"60ML Pineapple Jelly Beans-6mg","60ML Pineapple Jelly Beans-6mg",5.0000
"60ML Playa-0mg","60ML Playa-0mg",12.0000
"60ML Playa-12mg","60ML Playa-12mg",12.0000
"60ML Playa-18mg","60ML Playa-18mg",5.0000
"60ML Playa-3mg","60ML Playa-3mg",12.0000
"60ML Playa-6mg","60ML Playa-6mg",20.0000
"60ml Polaris-12mg","60ml Polaris-12mg",10.0000
"60ML Pomegranate Punch-0mg","60ML Pomegranate Punch-0mg",2.0000
"60ML Pomegranate Punch-12mg","60ML Pomegranate Punch-12mg",2.0000
"60ML Pomegranate Punch-3mg","60ML Pomegranate Punch-3mg",8.0000
"60ML Pomegranate Punch-6mg","60ML Pomegranate Punch-6mg",5.0000
"60ML Pound-0mg","60ML Pound-0mg",15.0000
"60ML Pound-12mg","60ML Pound-12mg",15.0000
"60ML Pound-3mg","60ML Pound-3mg",20.0000
"60ML Pound-6mg","60ML Pound-6mg",15.0000
"60ML Pulsar-0mg","60ML Pulsar-0mg",5.0000
"60ML Pulsar-12mg","60ML Pulsar-12mg",10.0000
"60ML Pulsar-3mg","60ML Pulsar-3mg",10.0000
"60ML Pulsar-6mg","60ML Pulsar-6mg",5.0000
"60ML Pyramid-0mg","60ML Pyramid-0mg",4.0000
"60ML Pyramid-12mg","60ML Pyramid-12mg",4.0000
"60ML Pyramid-3mg","60ML Pyramid-3mg",15.0000
"60ML Pyramid-6mg","60ML Pyramid-6mg",15.0000
"60ML Quasar-0mg","60ML Quasar-0mg",4.0000
"60ML Quasar-12mg","60ML Quasar-12mg",2.0000
"60ML Quasar-3mg","60ML Quasar-3mg",15.0000
"60ML Quasar-6mg","60ML Quasar-6mg",10.0000
"60ML Rainbow Candy Sour-0mg","60ML Rainbow Candy Sour-0mg",15.0000
"60ML Rainbow Candy Sour-12mg","60ML Rainbow Candy Sour-12mg",15.0000
"60ML Rainbow Candy Sour-3mg","60ML Rainbow Candy Sour-3mg",30.0000
"60ML Rainbow Candy Sour-6mg","60ML Rainbow Candy Sour-6mg",30.0000
"60ML Rainbow Candy-0mg","60ML Rainbow Candy-0mg",15.0000
"60ML Rainbow Candy-12mg","60ML Rainbow Candy-12mg",6.0000
"60ML Rainbow Candy-3mg","60ML Rainbow Candy-3mg",30.0000
"60ML Rainbow Candy-6mg","60ML Rainbow Candy-6mg",25.0000
"60ML Real McCoy-0mg","60ML Real McCoy-0mg",15.0000
"60ML Real McCoy-12mg","60ML Real McCoy-12mg",15.0000
"60ML Real McCoy-3mg","60ML Real McCoy-3mg",25.0000
"60ML Real McCoy-6mg","60ML Real McCoy-6mg",25.0000
"60ML Red Apple Jelly Beans-0mg","60ML Red Apple Jelly Beans-0mg",5.0000
"60ML Red Apple Jelly Beans-12mg","60ML Red Apple Jelly Beans-12mg",5.0000
"60ML Red Apple Jelly Beans-3mg","60ML Red Apple Jelly Beans-3mg",5.0000
"60ML Red Apple Jelly Beans-6mg","60ML Red Apple Jelly Beans-6mg",5.0000
"60ML Rhythm-0mg","60ML Rhythm-0mg",6.0000
"60ML Rhythm-12mg","60ML Rhythm-12mg",4.0000
"60ML Rhythm-3mg","60ML Rhythm-3mg",10.0000
"60ML Rhythm-6mg","60ML Rhythm-6mg",10.0000
"60ml Rigel-12mg","60ml Rigel-12mg",10.0000
"60ML Rocco-0mg","60ML Rocco-0mg",5.0000
"60ML Rocco-12mg","60ML Rocco-12mg",5.0000
"60ML Rocco-3mg","60ML Rocco-3mg",10.0000
"60ML Rocco-6mg","60ML Rocco-6mg",10.0000
"60ML RongoRongo-6mg","60ML RongoRongo-6mg",35.0000
"60ML Rootbeer Float Dr Fog-0mg","60ML Rootbeer Float Dr Fog-0mg",8.0000
"60ML Rootbeer Float Dr Fog-12mg","60ML Rootbeer Float Dr Fog-12mg",2.0000
"60ML Rootbeer Float Dr Fog-3mg","60ML Rootbeer Float Dr Fog-3mg",15.0000
"60ML Rootbeer Float Dr Fog-6mg","60ML Rootbeer Float Dr Fog-6mg",15.0000
"60ML Rupee-3mg","60ML Rupee-3mg",10.0000
"60ML Rupee-6mg","60ML Rupee-6mg",5.0000
"60ML Sailing Stones-3mg","60ML Sailing Stones-3mg",14.0000
"60ML Sailing Stones-6mg","60ML Sailing Stones-6mg",12.0000
"60ML Schultz-0mg","60ML Schultz-0mg",5.0000
"60ML Schultz-12mg","60ML Schultz-12mg",5.0000
"60ML Schultz-3mg","60ML Schultz-3mg",10.0000
"60ML Schultz-6mg","60ML Schultz-6mg",10.0000
"60ML Sirius-12mg","60ML Sirius-12mg",10.0000
"60ML Sorrento Fog-0mg","60ML Sorrento Fog-0mg",5.0000
"60ML Sorrento Fog-12mg","60ML Sorrento Fog-12mg",2.0000
"60ML Sorrento Fog-3mg","60ML Sorrento Fog-3mg",15.0000
"60ML Sorrento Fog-6mg","60ML Sorrento Fog-6mg",15.0000
"60ML Strawberry Blood Orange-0mg","60ML Strawberry Blood Orange-0mg",10.0000
"60ML Strawberry Blood Orange-12mg","60ML Strawberry Blood Orange-12mg",4.0000
"60ML Strawberry Blood Orange-3mg","60ML Strawberry Blood Orange-3mg",20.0000
"60ML Strawberry Blood Orange-6mg","60ML Strawberry Blood Orange-6mg",20.0000
"60ML Strawberry Cotton Candy-0mg","60ML Strawberry Cotton Candy-0mg",6.0000
"60ML Strawberry Cotton Candy-12mg","60ML Strawberry Cotton Candy-12mg",2.0000
"60ML Strawberry Cotton Candy-3mg","60ML Strawberry Cotton Candy-3mg",10.0000
"60ML Strawberry Cotton Candy-6mg","60ML Strawberry Cotton Candy-6mg",8.0000
"60ML Supernova-12mg","60ML Supernova-12mg",10.0000
"60ML T.I.D.-0mg","60ML T.I.D.-0mg",4.0000
"60ML T.I.D.-12mg","60ML T.I.D.-12mg",2.0000
"60ML T.I.D.-3mg","60ML T.I.D.-3mg",20.0000
"60ML T.I.D.-6mg","60ML T.I.D.-6mg",20.0000
"60ML The Duke-12mg","60ML The Duke-12mg",5.0000
"60ML The Remes-3mg","60ML The Remes-3mg",10.0000
"60ML The Remes-6mg","60ML The Remes-6mg",5.0000
"60ML Titanic-0mg","60ML Titanic-0mg",25.0000
"60ML Titanic-12mg","60ML Titanic-12mg",10.0000
"60ML Titanic-3mg","60ML Titanic-3mg",60.0000
"60ML Titanic-6mg","60ML Titanic-6mg",40.0000
"60ML Trays Up-0mg","60ML Trays Up-0mg",4.0000
"60ML Trays Up-12mg","60ML Trays Up-12mg",2.0000
"60ML Trays Up-3mg","60ML Trays Up-3mg",20.0000
"60ML Trays Up-6mg","60ML Trays Up-6mg",20.0000
"60ML Treble-0mg","60ML Treble-0mg",5.0000
"60ML Treble-12mg","60ML Treble-12mg",2.0000
"60ML Treble-3mg","60ML Treble-3mg",10.0000
"60ML Treble-6mg","60ML Treble-6mg",8.0000
"60ML Troy-0mg","60ML Troy-0mg",9.0000
"60ML Troy-12mg","60ML Troy-12mg",6.0000
"60ML Troy-3mg","60ML Troy-3mg",20.0000
"60ML Troy-6mg","60ML Troy-6mg",15.0000
"60ML Trust-0mg","60ML Trust-0mg",15.0000
"60ML Tucan Loop-3mg","60ML Tucan Loop-3mg",4.0000
"60ML Tucan Loop-6mg","60ML Tucan Loop-6mg",2.0000
"60ML Valencia Fog-0mg","60ML Valencia Fog-0mg",5.0000
"60ML Valencia Fog-12mg","60ML Valencia Fog-12mg",2.0000
"60ML Valencia Fog-3mg","60ML Valencia Fog-3mg",15.0000
"60ML Valencia Fog-6mg","60ML Valencia Fog-6mg",10.0000
"60ML Vanilla Caramel Tobacco-0mg","60ML Vanilla Caramel Tobacco-0mg",5.0000
"60ML Vanilla Caramel Tobacco-12mg","60ML Vanilla Caramel Tobacco-12mg",10.0000
"60ML Vanilla Caramel Tobacco-18mg","60ML Vanilla Caramel Tobacco-18mg",5.0000
"60ML Vanilla Caramel Tobacco-3mg","60ML Vanilla Caramel Tobacco-3mg",15.0000
"60ML Vanilla Caramel Tobacco-6mg","60ML Vanilla Caramel Tobacco-6mg",15.0000
"60ML Vanilla Sin-0mg","60ML Vanilla Sin-0mg",4.0000
"60ML Vanilla Sin-12mg","60ML Vanilla Sin-12mg",4.0000
"60ML Vanilla Sin-3mg","60ML Vanilla Sin-3mg",10.0000
"60ML Vanilla Sin-6mg","60ML Vanilla Sin-6mg",8.0000
"60ML Vega-12mg","60ML Vega-12mg",4.0000
"60ML Wacky Watermelon-0mg","60ML Wacky Watermelon-0mg",2.0000
"60ML Wacky Watermelon-12mg","60ML Wacky Watermelon-12mg",2.0000
"60ML Wacky Watermelon-3mg","60ML Wacky Watermelon-3mg",10.0000
"60ML Wacky Watermelon-6mg","60ML Wacky Watermelon-6mg",8.0000
"60ML Watermelon Bubba-0mg","60ML Watermelon Bubba-0mg",10.0000
"60ML Watermelon Bubba-12mg","60ML Watermelon Bubba-12mg",6.0000
"60ML Watermelon Bubba-3mg","60ML Watermelon Bubba-3mg",25.0000
"60ML Watermelon Bubba-6mg","60ML Watermelon Bubba-6mg",20.0000
"60ML Watermelon Jelly Beans-0mg","60ML Watermelon Jelly Beans-0mg",5.0000
"60ML Watermelon Jelly Beans-12mg","60ML Watermelon Jelly Beans-12mg",5.0000
"60ML Watermelon Jelly Beans-3mg","60ML Watermelon Jelly Beans-3mg",5.0000
"60ML Watermelon Jelly Beans-6mg","60ML Watermelon Jelly Beans-6mg",5.0000
"60ML Watermelon Raspberry-0mg","60ML Watermelon Raspberry-0mg",5.0000
"60ML Watermelon Raspberry-12mg","60ML Watermelon Raspberry-12mg",5.0000
"60ML Watermelon Raspberry-3mg","60ML Watermelon Raspberry-3mg",15.0000
"60ML Watermelon Raspberry-6mg","60ML Watermelon Raspberry-6mg",12.0000
"60ML Watermelon Sour-0mg","60ML Watermelon Sour-0mg",15.0000
"60ML Watermelon Sour-12mg","60ML Watermelon Sour-12mg",15.0000
"60ML Watermelon Sour-3mg","60ML Watermelon Sour-3mg",30.0000
"60ML Watermelon Sour-6mg","60ML Watermelon Sour-6mg",30.0000
"60ML Yen-0mg","60ML Yen-0mg",4.0000
"60ML Yen-3mg","60ML Yen-3mg",10.0000
"60ML Yen-6mg","60ML Yen-6mg",10.0000
"Alpha 2.0 Nic Salts-20mg","Alpha 2.0 Nic Salts-20mg",10.0000
"Alpha 2.0 Nic Salts-35mg","Alpha 2.0 Nic Salts-35mg",15.0000
"Atlantis Nic Salts-12mg","Atlantis Nic Salts-12mg",5.0000
"Atlantis Nic Salts-20mg","Atlantis Nic Salts-20mg",20.0000
"Atlantis Nic Salts-30mg","Atlantis Nic Salts-30mg",5.0000
"Atlantis Nic Salts-35mg","Atlantis Nic Salts-35mg",10.0000
"BC Fog Nic Salts-12mg","BC Fog Nic Salts-12mg",5.0000
"BC Fog Nic Salts-20mg","BC Fog Nic Salts-20mg",5.0000
"BC Fog Nic Salts-30mg","BC Fog Nic Salts-30mg",5.0000
"BC Fog Nic Salts-35mg","BC Fog Nic Salts-35mg",5.0000
"Big Foot Nic Salts-12mg","Big Foot Nic Salts-12mg",5.0000
"Big Foot Nic Salts-20mg","Big Foot Nic Salts-20mg",5.0000
"Big Foot Nic Salts-30mg","Big Foot Nic Salts-30mg",5.0000
"Big Foot Nic Salts-35mg","Big Foot Nic Salts-35mg",10.0000
"Bloop Nic Salts-20mg","Bloop Nic Salts-20mg",12.0000
"Bloop Nic Salts-35mg","Bloop Nic Salts-35mg",15.0000
"Bravo Nic Salts-12mg","Bravo Nic Salts-12mg",5.0000
"Bravo Nic Salts-20mg","Bravo Nic Salts-20mg",5.0000
"Bravo Nic Salts-30mg","Bravo Nic Salts-30mg",5.0000
"Bravo Nic Salts-35mg","Bravo Nic Salts-35mg",5.0000
"Cinnamon Toast Cereal Mix Nix-3mg R - 3mg NS","Cinnamon Toast Cereal Mix Nix-3mg R - 3mg NS",12.0000
"Cinnamon Toast Cereal Mix Nix-3mg R - 6mg NS","Cinnamon Toast Cereal Mix Nix-3mg R - 6mg NS",5.0000
"Cinnamon Toast Cereal Mix Nix-6mg R - 3mg NS","Cinnamon Toast Cereal Mix Nix-6mg R - 3mg NS",5.0000
"Cinnamon Toast Cereal Mix Nix-6mg R - 6mg NS","Cinnamon Toast Cereal Mix Nix-6mg R - 6mg NS",12.0000
"Cola Gummies Nic Salts-12mg","Cola Gummies Nic Salts-12mg",5.0000
"Cola Gummies Nic Salts-20mg","Cola Gummies Nic Salts-20mg",5.0000
"Cola Gummies Nic Salts-30mg","Cola Gummies Nic Salts-30mg",5.0000
"Cola Gummies Nic Salts-35mg","Cola Gummies Nic Salts-35mg",5.0000
"Delta Nic Salts-12mg","Delta Nic Salts-12mg",5.0000
"Delta Nic Salts-20mg","Delta Nic Salts-20mg",25.0000
"Delta Nic Salts-30mg","Delta Nic Salts-30mg",5.0000
"Delta Nic Salts-35mg","Delta Nic Salts-35mg",15.0000
"Dream Mix Nix-3mg R - 3mg NS","Dream Mix Nix-3mg R - 3mg NS",5.0000
"Dream Mix Nix-3mg R - 6mg NS","Dream Mix Nix-3mg R - 6mg NS",5.0000
"Dream Mix Nix-6mg R - 3mg NS","Dream Mix Nix-6mg R - 3mg NS",12.0000
"Dream Mix Nix-6mg R - 6mg NS","Dream Mix Nix-6mg R - 6mg NS",10.0000
"Drive Mix Nix-3mg R - 3mg NS","Drive Mix Nix-3mg R - 3mg NS",5.0000
"Drive Mix Nix-3mg R - 6mg NS","Drive Mix Nix-3mg R - 6mg NS",5.0000
"Drive Mix Nix-6mg R - 3mg NS","Drive Mix Nix-6mg R - 3mg NS",5.0000
"Drive Mix Nix-6mg R - 6mg NS","Drive Mix Nix-6mg R - 6mg NS",10.0000
"Drive Nic Salts-12mg","Drive Nic Salts-12mg",12.0000
"Drive Nic Salts-20mg","Drive Nic Salts-20mg",12.0000
"Drive Nic Salts-30mg","Drive Nic Salts-30mg",5.0000
"Drive Nic Salts-35mg","Drive Nic Salts-35mg",12.0000
"DuMore Nic Salts-12mg","DuMore Nic Salts-12mg",5.0000
"DuMore Nic Salts-20mg","DuMore Nic Salts-20mg",12.0000
"DuMore Nic Salts-30mg","DuMore Nic Salts-30mg",5.0000
"DuMore Nic Salts-35mg","DuMore Nic Salts-35mg",15.0000
"Gold Mix Nix-3mg R - 3mg NS","Gold Mix Nix-3mg R - 3mg NS",5.0000
"Gold Mix Nix-3mg R - 6mg NS","Gold Mix Nix-3mg R - 6mg NS",5.0000
"Gold Mix Nix-6mg R - 3mg NS","Gold Mix Nix-6mg R - 3mg NS",5.0000
"Gold Mix Nix-6mg R - 6mg NS","Gold Mix Nix-6mg R - 6mg NS",10.0000
"King of the East Mix Nix -3mg R - 3mg NS","King of the East Mix Nix -3mg R - 3mg NS",12.0000
"King of the East Mix Nix -3mg R - 6mg NS","King of the East Mix Nix -3mg R - 6mg NS",5.0000
"King of the East Mix Nix -6mg R - 3mg NS","King of the East Mix Nix -6mg R - 3mg NS",12.0000
"King of the East Mix Nix -6mg R - 6mg NS","King of the East Mix Nix -6mg R - 6mg NS",12.0000
"Kiwi Mango Nic Salts-12mg","Kiwi Mango Nic Salts-12mg",5.0000
"Kiwi Mango Nic Salts-20mg","Kiwi Mango Nic Salts-20mg",5.0000
"Kiwi Mango Nic Salts-30mg","Kiwi Mango Nic Salts-30mg",5.0000
"Kiwi Mango Nic Salts-35mg","Kiwi Mango Nic Salts-35mg",5.0000
"London Fog Mix Nix-3mg R - 3mg NS","London Fog Mix Nix-3mg R - 3mg NS",12.0000
"London Fog Mix Nix-3mg R - 6mg NS","London Fog Mix Nix-3mg R - 6mg NS",12.0000
"London Fog Mix Nix-6mg R - 3mg NS","London Fog Mix Nix-6mg R - 3mg NS",5.0000
"London Fog Mix Nix-6mg R - 6mg NS","London Fog Mix Nix-6mg R - 6mg NS",5.0000
"Mocha Tobacco Nic Salts-12mg","Mocha Tobacco Nic Salts-12mg",5.0000
"Mocha Tobacco Nic Salts-20mg","Mocha Tobacco Nic Salts-20mg",5.0000
"Mocha Tobacco Nic Salts-30mg","Mocha Tobacco Nic Salts-30mg",5.0000
"Mocha Tobacco Nic Salts-35mg","Mocha Tobacco Nic Salts-35mg",5.0000
"Nectar Tang Mix Nix-3mg R - 3mg NS","Nectar Tang Mix Nix-3mg R - 3mg NS",12.0000
"Nectar Tang Mix Nix-3mg R - 6mg NS","Nectar Tang Mix Nix-3mg R - 6mg NS",12.0000
"Nectar Tang Mix Nix-6mg R - 3mg NS","Nectar Tang Mix Nix-6mg R - 3mg NS",12.0000
"Nectar Tang Mix Nix-6mg R - 6mg NS","Nectar Tang Mix Nix-6mg R - 6mg NS",5.0000
"Pineapple express Nic Salts-12mg","Pineapple express Nic Salts-12mg",5.0000
"Pineapple express Nic Salts-20mg","Pineapple express Nic Salts-20mg",5.0000
"Pineapple express Nic Salts-30mg","Pineapple express Nic Salts-30mg",5.0000
"Pineapple express Nic Salts-35mg","Pineapple express Nic Salts-35mg",5.0000
"Playa Nic Salts-20mg","Playa Nic Salts-20mg",10.0000
"Playa Nic Salts-35mg","Playa Nic Salts-35mg",10.0000
"Supernova Nic Salts-12mg","Supernova Nic Salts-12mg",12.0000
"Supernova Nic Salts-20mg","Supernova Nic Salts-20mg",12.0000
"Supernova Nic Salts-30mg","Supernova Nic Salts-30mg",5.0000
"Supernova Nic Salts-35mg","Supernova Nic Salts-35mg",15.0000
"Titanic Nic Salts-12mg","Titanic Nic Salts-12mg",12.0000
"Titanic Nic Salts-20mg","Titanic Nic Salts-20mg",12.0000
"Titanic Nic Salts-30mg","Titanic Nic Salts-30mg",5.0000
"Titanic Nic Salts-35mg","Titanic Nic Salts-35mg",15.0000
"Vanilla Caramel Tobacco Nic Salts-12mg","Vanilla Caramel Tobacco Nic Salts-12mg",5.0000
"Vanilla Caramel Tobacco Nic Salts-20mg","Vanilla Caramel Tobacco Nic Salts-20mg",5.0000
"Vanilla Caramel Tobacco Nic Salts-30mg","Vanilla Caramel Tobacco Nic Salts-30mg",5.0000
"Vanilla Caramel Tobacco Nic Salts-35mg","Vanilla Caramel Tobacco Nic Salts-35mg",5.0000
"Watermelon Raspberry Nic Salts-12mg","Watermelon Raspberry Nic Salts-12mg",5.0000
"Watermelon Raspberry Nic Salts-20mg","Watermelon Raspberry Nic Salts-20mg",5.0000
"Watermelon Raspberry Nic Salts-30mg","Watermelon Raspberry Nic Salts-30mg",5.0000
"Watermelon Raspberry Nic Salts-35mg","Watermelon Raspberry Nic Salts-35mg",5.0000
